Tram,Operator,,Livery,Status,Interior,In Service,Withdrawn,Notes
Z3.116,Yarra Trams,,PTV,Withdrawn,M>Tram Refurbished,"Tue, 25th Sep 1979","Mon, 1st Apr 2024",
Z3.117,Yarra Trams,,PTV,Scrapped,M>Tram Refurbished,"Tue, 25th Sep 1979","Fri, 28th Jul 2023",
Z3.118,Yarra Trams,,PTV,Withdrawn,M>Tram Refurbished,"Tue, 25th Sep 1979","Sat, 30th Mar 2024",
Z3.119,Yarra Trams,,PTV,Withdrawn,M>Tram Refurbished,"Mon, 7th Jan 1980","Fri, 29th Mar 2024",
Z3.120,Yarra Trams,,PTV,Scrapped,Yarra Trams Refurbished,"Fri, 21st Dec 1979","Thu, 28th Oct 2021",
Z3.121,Yarra Trams,,PTV,Scrapped,M>Tram Refurbished,"Fri, 21st Dec 1979","Thu, 26th May 2022",
Z3.122,Yarra Trams,,PTV,Withdrawn,M>Tram Refurbished,"Tue, 29th Jan 1980","Mon, 1st Nov 2021",
Z3.123,Yarra Trams,,PTV,In Service,Yarra Trams Refurbished,"Fri, 15th Feb 1980",,
Z3.124,Yarra Trams,,PTV,Withdrawn,M>Tram Refurbished,"Fri, 15th Feb 1980","Mon, 8th Apr 2024",
Z3.125,Yarra Trams,,PTV,Withdrawn,Yarra Trams Refurbished,"Fri, 15th Feb 1980",45108,First non-refurb tram to receive YT livery
Z3.126,Yarra Trams,,PTV,Scrapped,M>Tram Refurbished,"Fri, 29th Feb 1980","Wed, 4th Jan 2023",
Z3.127,Yarra Trams,,PTV,In Service,Yarra Trams Refurbished,"Fri, 7th Mar 1980",,
Z3.128,Yarra Trams,,PTV,In Service,Yarra Trams Refurbished,"Fri, 28th Mar 1980",,
Z3.129,Yarra Trams,,PTV,Withdrawn,M>Tram Refurbished,"Thu, 17th Apr 1980","Sat, 30th Mar 2024",
Z3.130,Yarra Trams,,"Advertising Public Transport Victoria ""When a tram stops, you stop."" since Wednesday, 9th November 2022.",Withdrawn,Yarra Trams Refurbished,"Wed, 23rd Apr 1980","Mon, 25th Mar 2024",
Z3.131,Yarra Trams,,PTV,In Service,M>Tram Refurbished,"Wed, 30th Apr 1980",,
Z3.132,Yarra Trams,,PTV,In Service,M>Tram Refurbished,"Thu, 15th May 1980",,
Z3.133,Yarra Trams,,PTV,Withdrawn,M>Tram Refurbished,"Mon, 2nd Jun 1980","Mon, 19th Jul 2021",
Z3.134,Yarra Trams,,PTV,In Service,Yarra Trams Refurbished,"Fri, 6th Jun 1980",,
Z3.135,Yarra Trams,,PTV,In Service,M>Tram Refurbished,"Tue, 17th Jun 1980",,
Z3.136,Yarra Trams,,"Advertising PTV Night Network ""Explore the night"" since Monday, 12th February 2018.",Withdrawn,M>Tram Refurbished,"Fri, 20th Jun 1980","Mon, 15th Mar 2021",at Preston Workshops
Z3.137,Yarra Trams,,Yarra Trams Mk 2,Withdrawn,Yarra Trams Refurbished,"Wed, 2nd Jul 1980","Mon, 15th Mar 2021",at Preston Workshops
Z3.138,Yarra Trams,,Yarra Trams Mk 4,Withdrawn,Yarra Trams Refurbished,"Mon, 14th Jul 1980","Tue, 8th Mar 2022",Retained M>Tram grab handles after internal refurbishment.
Z3.139,Yarra Trams,,PTV,Scrapped,M>Tram Refurbished,"Tue, 22nd Jul 1980","Wed, 21st Dec 2022",
Z3.140,Yarra Trams,,Yarra Trams Mk 2,Withdrawn,Yarra Trams Refurbished,"Tue, 22nd Jul 1980",,
Z3.141,Yarra Trams,,PTV,In Service,M>Tram Refurbished,"Fri, 1st Aug 1980",,
Z3.142,Yarra Trams,,PTV,In Service,Yarra Trams Refurbished,"Mon, 25th Aug 1980",,
Z3.143,Yarra Trams,,PTV,In Service,Yarra Trams Refurbished,"Fri, 8th Aug 1980",,
Z3.144,Yarra Trams,,PTV,Withdrawn,Yarra Trams Refurbished,"Fri, 29th Aug 1980","Mon, 5th Jul 2021",
Z3.145,Yarra Trams,,PTV,In Service,Yarra Trams Refurbished,"Mon, 25th Aug 1980",,
Z3.146,Yarra Trams,,PTV,In Service,Yarra Trams Refurbished,"Fri, 29th Aug 1980",,
Z3.147,Yarra Trams,,PTV,Withdrawn,M>Tram Refurbished,"Fri, 29th Aug 1980","Fri, 29th Mar 2024",
Z3.148,Yarra Trams,,PTV,In Service,Yarra Trams Refurbished,"Wed, 10th Sep 1980",,
Z3.149,Swanston Trams,,Met Green and Yellow,Scrapped,Original - MET,"Wed, 17th Sep 1980","Mon, 8th Nov 1999","Fire at West Maribyrnong, broken up at Bombardier, Dandenong."
,,,,,,,,First Z3 to be withdrawn.
Z3.150,Yarra Trams,,PTV,In Service,Yarra Trams Refurbished,"Fri, 26th Sep 1980",,
Z3.151,Yarra Trams,,PTV,In Service,M>Tram Refurbished,"Fri, 28th Nov 1980",,
Z3.152,Yarra Trams,,Yarra Trams Mk 4,Withdrawn,Yarra Trams Refurbished,"Wed, 17th Dec 1980","Mon, 1st Nov 2021",
Z3.153,Yarra Trams,,PTV,In Service,Yarra Trams Refurbished,"Fri, 31st Oct 1980",,
Z3.154,Yarra Trams,,PTV,In Service,M>Tram Refurbished,"Thu, 13th Nov 1980",,
Z3.155,Yarra Trams,,"Advertising PTV / Vicroads safety campaign ""When you see tracks, check for trams, 70% of tram crashes happen when cars turn or merge on to tracks."" since Friday, 7th February 2020.",Withdrawn,M>Tram Refurbished,"Thu, 13th Nov 1980","Tue, 8th Mar 2022",
Z3.156,Yarra Trams,,PTV,In Service,Yarra Trams Refurbished,"Fri, 28th Nov 1980",,
Z3.157,Yarra Trams,,PTV,In Service,Yarra Trams Refurbished,"Thu, 11th Dec 1980",,
Z3.158,Yarra Trams,,PTV,In Service,Yarra Trams Refurbished,"Mon, 15th Dec 1980",,
Z3.159,Yarra Trams,,PTV,In Service,M>Tram Refurbished,"Fri, 19th Dec 1980",,
Z3.160,Yarra Trams,,PTV,In Service,Yarra Trams Refurbished,"Fri, 19th Dec 1980",,
Z3.161,Yarra Trams,,PTV,Withdrawn,Yarra Trams Refurbished,"Tue, 3rd Mar 1981","Fri, 29th Mar 2024",
Z3.162,Yarra Trams,,PTV,In Service,Yarra Trams Refurbished,"Fri, 13th Mar 1981",,
Z3.163,Yarra Trams,,PTV,In Service,Yarra Trams Refurbished,"Fri, 20th Mar 1981",,
Z3.164,Yarra Trams,,PTV,In Service,Yarra Trams Refurbished,"Fri, 27th Mar 1981",,
Z3.165,Yarra Trams,,PTV,In Service,Yarra Trams Refurbished,"Fri, 24th Apr 1981",,
Z3.166,Yarra Trams,,PTV,In Service,Yarra Trams Refurbished,"Mon, 4th May 1981",,
Z3.167,Yarra Trams,,PTV,In Service,M>Tram Refurbished,"Wed, 6th May 1981",,
Z3.168,Yarra Trams,,PTV,In Service,Yarra Trams Refurbished,"Fri, 15th May 1981",,
Z3.169,Yarra Trams,,PTV,In Service,Yarra Trams Refurbished,"Fri, 15th May 1981",,
Z3.170,Yarra Trams,,PTV,In Service,M>Tram Refurbished,"Mon, 1st Jun 1981",,
Z3.171,Yarra Trams,,PTV,In Service,Yarra Trams Refurbished,"Wed, 3rd Jun 1981",,
Z3.172,Yarra Trams,,PTV,Withdrawn,Yarra Trams Refurbished,"Fri, 26th Jun 1981","Wed, 3rd Apr 2024",
Z3.173,Yarra Trams,,PTV,In Service,M>Tram Refurbished,"Tue, 11th Aug 1981",,
Z3.174,Yarra Trams,,PTV,In Service,Yarra Trams Refurbished,"Fri, 17th Jul 1981",,
Z3.175,Yarra Trams,,PTV,In Service,M>Tram Refurbished,"Tue, 11th Aug 1981",,
Z3.176,Yarra Trams,,PTV,In Service,Yarra Trams Refurbished,"Wed, 2nd Sep 1981",,
Z3.177,Yarra Trams,,PTV,In Service,M>Tram Refurbished,"Fri, 4th Sep 1981",,First Z3 in Yarra Trams livery.
Z3.178,Yarra Trams,,PTV,In Service,Yarra Trams Refurbished,"Fri, 2nd Oct 1981",,
Z3.179,Yarra Trams,,PTV,In Service,Yarra Trams Refurbished,"Wed, 7th Oct 1981",,
Z3.180,Yarra Trams,,PTV,In Service,Yarra Trams Refurbished,"Fri, 9th Oct 1981",,
Z3.181,Yarra Trams,,PTV,In Service,M>Tram Refurbished,"Thu, 29th Oct 1981",,
Z3.182,Yarra Trams,,PTV,In Service,Yarra Trams Refurbished,"Fri, 30th Oct 1981",,
Z3.183,Yarra Trams,,PTV,In Service,Yarra Trams Refurbished,"Fri, 20th Nov 1981",,
Z3.184,Yarra Trams,,PTV,In Service,Yarra Trams Refurbished,"Wed, 25th Nov 1981",,
Z3.185,Yarra Trams,,PTV,In Service,M>Tram Refurbished,"Thu, 17th Dec 1981",,First M>Tram Refurbishment
Z3.186,Yarra Trams,,PTV,In Service,M>Tram Refurbished,"Tue, 22nd Dec 1981",,
Z3.187,Yarra Trams,,PTV,In Service,Yarra Trams Refurbished,"Mon, 2nd Feb 1981",,
Z3.188,Yarra Trams,,PTV,In Service,M>Tram Refurbished,"Fri, 5th Feb 1982",,
Z3.189,Yarra Trams,,PTV,In Service,Yarra Trams Refurbished,"Tue, 2nd Mar 1982",,
Z3.190,Yarra Trams,,PTV,Withdrawn,M>Tram Refurbished,"Tue, 9th Mar 1982",43344,Stored following derailment on Tue.27.3.2018
Z3.191,Yarra Trams,,PTV,In Service,M>Tram Refurbished,"Tue, 20th Apr 1982",,
Z3.192,Yarra Trams,,PTV,In Service,Yarra Trams Refurbished,"Fri, 16th Apr 1982",,
Z3.193,Yarra Trams,,PTV,In Service,Yarra Trams Refurbished,"Wed, 21st Apr 1982",,
Z3.194,Yarra Trams,,PTV,In Service,Yarra Trams Refurbished,"Tue, 18th May 1982",,
Z3.195,Yarra Trams,,PTV,In Service,M>Tram Refurbished,"Tue, 25th May 1982",,
Z3.196,Yarra Trams,,PTV,In Service,M>Tram Refurbished,"Fri, 11th Jun 1982",,
Z3.197,Yarra Trams,,Yarra Trams Mk 4,Withdrawn,Yarra Trams Refurbished,"Mon, 12th Jul 1982",,Collision damage 28/6/2019
Z3.198,Yarra Trams,,PTV,In Service,Yarra Trams Refurbished,"Thu, 22nd Jul 1982",,
Z3.199,Yarra Trams,,PTV,In Service,Yarra Trams Refurbished,"Fri, 23rd Jul 1982",,
Z3.200,Yarra Trams,,PTV,In Service,Yarra Trams Refurbished,"Wed, 18th Aug 1982",,Features cameras in each drivers cabin.
Z3.201,Yarra Trams,,PTV,In Service,Yarra Trams Refurbished,"Tue, 10th Aug 1982",,
Z3.202,Yarra Trams,,PTV,In Service,Yarra Trams Refurbished,"Mon, 30th Aug 1982",,
Z3.203,Yarra Trams,,PTV,In Service,Yarra Trams Refurbished,"Tue, 14th Sep 1982",,
Z3.204,Yarra Trams,,PTV,In Service,Yarra Trams Refurbished,"Tue, 5th Oct 1982",,
Z3.205,Yarra Trams,,PTV,In Service,M>Tram Refurbished,"Wed, 13th Oct 1982",,
Z3.206,Yarra Trams,,PTV,In Service,M>Tram Refurbished,"Mon, 25th Oct 1982",,
Z3.207,Yarra Trams,,PTV,In Service,Yarra Trams Refurbished,"Thu, 2nd Dec 1982",,
Z3.208,Yarra Trams,,Yarra Trams Mk 4,Withdrawn,Yarra Trams Refurbished,"Mon, 20th Dec 1982",,
Z3.209,Yarra Trams,,PTV,In Service,Yarra Trams Refurbished,"Thu, 17th Feb 1983",,
Z3.210,Yarra Trams,,PTV,In Service,M>Tram Refurbished,"Fri, 25th Mar 1983",,
Z3.211,Yarra Trams,,PTV,In Service,Yarra Trams Refurbished,"Wed, 6th Apr 1983",,
Z3.212,Yarra Trams,,PTV,In Service,Yarra Trams Refurbished,"Wed, 13th Apr 1983",,
Z3.213,Yarra Trams,,PTV,In Service,Yarra Trams Refurbished,"Tue, 3rd May 1983",,
Z3.214,Yarra Trams,,PTV,In Service,Yarra Trams Refurbished,"Mon, 9th May 1983",,
Z3.215,Yarra Trams,,PTV,In Service,M>Tram Refurbished,"Fri, 29th Apr 1983",,
Z3.216,Yarra Trams,,PTV,In Service,Yarra Trams Refurbished,"Wed, 29th Jun 1983",,
Z3.217,Yarra Trams,,PTV,In Service,M>Tram Refurbished,"Wed, 13th Jul 1983",,
Z3.218,Yarra Trams,,PTV,In Service,Yarra Trams Refurbished,"Thu, 21st Jul 1983",,
Z3.219,Yarra Trams,,PTV,In Service,Yarra Trams Refurbished,"Wed, 10th Aug 1983",,
Z3.220,Yarra Trams,,PTV,In Service,Yarra Trams Refurbished,"Thu, 11th Aug 1983",,
Z3.221,Yarra Trams,,PTV,In Service,Yarra Trams Refurbished,"Mon, 29th Aug 1983",,
Z3.222,Yarra Trams,,PTV,In Service,Yarra Trams Refurbished,"Thu, 1st Sep 1983",,
Z3.223,Yarra Trams,,PTV,In Service,M>Tram Refurbished,"Tue, 27th Sep 1983",,
Z3.224,Yarra Trams,,PTV,In Service,Yarra Trams Refurbished,"Thu, 29th Sep 1983",,
Z3.225,Yarra Trams,,PTV,In Service,Yarra Trams Refurbished,"Thu, 20th Oct 1983",,
Z3.226,Yarra Trams,,PTV,In Service,Yarra Trams Refurbished,"Thu, 10th Nov 1983",,
Z3.227,Yarra Trams,,PTV,In Service,Yarra Trams Refurbished,"Thu, 24th Nov 1983",,
Z3.228,Yarra Trams,,PTV,In Service,Yarra Trams Refurbished,"Mon, 12th Dec 1983",,
Z3.229,Yarra Trams,,PTV,In Service,Yarra Trams Refurbished,"Thu, 19th Jan 1984",,
Z3.230,Yarra Trams,,PTV,In Service,Yarra Trams Refurbished,"Thu, 5th Apr 1984",,
A1.231,Yarra Trams,,Yarra Trams Mk 4,Withdrawn,Yarra Trams Refurbished,"Wed, 13th Jun 1984",41852,Withdrawn following fire damage to the main electrical cabinet area
A1.232,Yarra Trams,Southbank,PTV,In Service,Yarra Trams Refurbished,"Wed, 21st Nov 1984",,
A1.233,Yarra Trams,Southbank,PTV,In Service,Yarra Trams Refurbished,"Sun, 5th Aug 1984",,
A1.234,Yarra Trams,Southbank,PTV,In Service,Yarra Trams Refurbished,"Fri, 5th Oct 1984",,
A1.235,Yarra Trams,Southbank,PTV,In Service,Yarra Trams Refurbished,"Fri, 28th Sep 1984",,
A1.236,Yarra Trams,Southbank,"Advertising Melbourne Art Tram since Monday, 16th June 2025.",In Service,Yarra Trams Refurbished,"Thu, 11th Oct 1984",,
A1.237,Yarra Trams,Southbank,PTV,In Service,Yarra Trams Refurbished,"Fri, 23rd Nov 1984",,
A1.238,Yarra Trams,Southbank,PTV,In Service,Yarra Trams Refurbished,"Thu, 6th Dec 1984",,
A1.239,Yarra Trams,Southbank,PTV,In Service,Yarra Trams Refurbished,"Fri, 14th Dec 1984",,
A1.240,Yarra Trams,Southbank,PTV,In Service,Yarra Trams Refurbished,"Tue, 18th Dec 1984",,
A1.241,Yarra Trams,Southbank,PTV,In Service,Yarra Trams Refurbished,"Wed, 19th Dec 1984",,
A1.242,Yarra Trams,Camberwell,PTV,In Service,Yarra Trams Refurbished,"Thu, 20th Dec 1984",,
A1.243,Yarra Trams,Camberwell,PTV,In Service,Yarra Trams Refurbished,"Fri, 22nd Feb 1985",,
A1.244,Yarra Trams,Southbank,PTV,In Service,Yarra Trams Refurbished,"Thu, 21st Feb 1985",,
A1.245,Yarra Trams,Southbank,PTV,In Service,Yarra Trams Refurbished,"Mon, 4th Mar 1985",,
A1.246,Yarra Trams,Southbank,PTV,In Service,Yarra Trams Refurbished,"Mon, 4th Mar 1985",,
A1.247,Yarra Trams,Southbank,PTV,In Service,Yarra Trams Refurbished,"Thu, 14th Mar 1985",,
A1.248,Yarra Trams,Southbank,PTV,In Service,Yarra Trams Refurbished,"Mon, 25th Mar 1985",,
A1.249,Yarra Trams,Southbank,PTV,In Service,Yarra Trams Refurbished,"Tue, 2nd Apr 1985",,
A1.250,Yarra Trams,Camberwell,PTV,In Service,Yarra Trams Refurbished,"Tue, 16th Apr 1985",,
A1.251,Yarra Trams,Southbank,PTV,In Service,Yarra Trams Refurbished,"Mon, 20th May 1985",,
A1.252,Yarra Trams,Southbank,PTV,In Service,Yarra Trams Refurbished,"Thu, 6th Jun 1985",,
A1.253,Yarra Trams,Southbank,PTV,In Service,Yarra Trams Refurbished,"Fri, 14th Jun 1985",,
A1.254,Yarra Trams,Camberwell,PTV,In Service,Yarra Trams Refurbished,"Wed, 26th Jun 1985",,
A1.255,Yarra Trams,Southbank,PTV,In Service,Yarra Trams Refurbished,"Thu, 8th Aug 1985",,
A1.256,Yarra Trams,Southbank,PTV,In Service,Yarra Trams Refurbished,"Thu, 12th Sep 1985",,
A1.257,Yarra Trams,Southbank,PTV,In Service,Yarra Trams Refurbished,"Wed, 25th Sep 1985",,
A1.258,Yarra Trams,Southbank,PTV,In Service,Yarra Trams Refurbished,"Thu, 10th Oct 1985",,
A2.259,Yarra Trams,Camberwell,PTV,In Service,Yarra Trams Refurbished,"Mon, 10th Feb 1986",,
A2.260,Yarra Trams,Camberwell,PTV,In Service,Yarra Trams Refurbished,"Mon, 16th Dec 1985",,
A2.261,Yarra Trams,Kew,PTV,In Service,Yarra Trams Refurbished,"Fri, 20th Dec 1985",,
A2.262,Yarra Trams,Camberwell,PTV,In Service,Yarra Trams Refurbished,"Wed, 9th Apr 1986",,
A2.263,Yarra Trams,Kew,PTV,In Service,Yarra Trams Refurbished,"Mon, 24th Feb 1986",,
A2.264,Yarra Trams,Kew,PTV,In Service,Yarra Trams Refurbished,"Wed, 9th Apr 1986",,
A2.265,Yarra Trams,Kew,PTV,In Service,Yarra Trams Refurbished,"Wed, 9th Apr 1986",,
A2.266,Yarra Trams,Kew,PTV,In Service,Yarra Trams Refurbished,"Thu, 17th Apr 1986",,
A2.267,Yarra Trams,Camberwell,PTV,In Service,Yarra Trams Refurbished,"Wed, 30th Apr 1986",,
A2.268,Yarra Trams,Kew,PTV,In Service,Yarra Trams Refurbished,"Thu, 21st May 1987",,
A2.269,Yarra Trams,Kew,PTV,In Service,Yarra Trams Refurbished,"Wed, 21st May 1986",,
A2.270,Yarra Trams,Kew,PTV,In Service,Yarra Trams Refurbished,"Tue, 27th May 1986",,
A2.271,Yarra Trams,Camberwell,PTV,In Service,Yarra Trams Refurbished,"Wed, 11th Jun 1986",,
A2.272,Yarra Trams,Kew,PTV,In Service,Yarra Trams Refurbished,"Wed, 18th Jun 1986",,
A2.273,Yarra Trams,Camberwell,PTV,In Service,Yarra Trams Refurbished,"Tue, 5th Aug 1986",,
A2.274,Yarra Trams,Kew,PTV,In Service,Yarra Trams Refurbished,"Mon, 4th Aug 1986",,
A2.275,Yarra Trams,Kew,PTV,In Service,Yarra Trams Refurbished,"Tue, 12th Aug 1986",,
A2.276,Yarra Trams,Camberwell,PTV,In Service,Yarra Trams Refurbished,"Thu, 28th Aug 1986",,
A2.277,Yarra Trams,Kew,PTV,In Service,Yarra Trams Refurbished,"Thu, 11th Sep 1986",,
A2.278,Yarra Trams,Camberwell,PTV,In Service,Yarra Trams Refurbished,"Thu, 18th Sep 1986",,
A2.279,Yarra Trams,Camberwell,PTV,In Service,Yarra Trams Refurbished,"Fri, 14th Nov 1986",,
A2.280,Yarra Trams,Kew,Yarra Trams Mk 4,In Service,Yarra Trams Refurbished,"Fri, 5th Dec 1986",,
A2.281,Yarra Trams,Camberwell,PTV,In Service,Yarra Trams Refurbished,"Tue, 16th Dec 1986",,
A2.282,Yarra Trams,Camberwell,PTV,In Service,Yarra Trams Refurbished,"Thu, 12th Feb 1987",,
A2.283,Yarra Trams,Kew,PTV,In Service,Yarra Trams Refurbished,"Wed, 10th Jun 1987",,
A2.284,Yarra Trams,Camberwell,PTV,In Service,Yarra Trams Refurbished,"Wed, 18th Mar 1987",,
A2.285,Yarra Trams,Camberwell,PTV,In Service,Yarra Trams Refurbished,"Fri, 20th Mar 1987",,
A2.286,Yarra Trams,Kew,PTV,In Service,Yarra Trams Refurbished,"Thu, 12th Mar 1987",,
A2.287,Yarra Trams,Camberwell,PTV,In Service,Yarra Trams Refurbished,"Tue, 28th Apr 1987",,
A2.288,Yarra Trams,Kew,PTV,In Service,Yarra Trams Refurbished,"Wed, 6th May 1987",,
A2.289,Yarra Trams,Kew,PTV,In Service,Yarra Trams Refurbished,"Wed, 13th May 1987",,
A2.290,Yarra Trams,Camberwell,PTV,In Service,Yarra Trams Refurbished,"Wed, 17th Jun 1987",,
A2.291,Yarra Trams,Southbank,PTV,In Service,Yarra Trams Refurbished,"Wed, 10th Jun 1987",,
A2.292,Yarra Trams,Kew,PTV,In Service,Yarra Trams Refurbished,"Mon, 10th Aug 1987",,
A2.293,Yarra Trams,Kew,PTV,In Service,Yarra Trams Refurbished,"Thu, 13th Aug 1987",,
A2.294,Yarra Trams,Camberwell,PTV,In Service,Yarra Trams Refurbished,"Thu, 6th Aug 1987",,
A2.295,Yarra Trams,Camberwell,PTV,In Service,Yarra Trams Refurbished,"Fri, 31st Jul 1987",,
A2.296,Yarra Trams,Kew,PTV,In Service,Yarra Trams Refurbished,"Mon, 31st Aug 1987",Has B class style high beam headlights.,
A2.297,Yarra Trams,Camberwell,PTV,In Service,Yarra Trams Refurbished,"Fri, 4th Sep 1987",,
A2.298,Yarra Trams,Kew,PTV,In Service,Yarra Trams Refurbished,"Mon, 21st Sep 1987",,
A2.299,Yarra Trams,Southbank,PTV,In Service,Yarra Trams Refurbished,"Mon, 21st Sep 1987",,
A2.300,Yarra Trams,Kew,PTV,In Service,Yarra Trams Refurbished,"Mon, 21st Sep 1987",,
B2.2003,Yarra Trams,Brunswick,,In Service,Yarra Trams Refurbished,"Tue, 25th Oct 1988",,
B2.2004,Yarra Trams,Glenhuntly,PTV,In Service,Yarra Trams Refurbished,"Thu, 1st Sep 1988",,
B2.2005,Yarra Trams,Glenhuntly,PTV,In Service,Yarra Trams Refurbished,"Thu, 1st Sep 1988",,
B2.2006,Yarra Trams,Glenhuntly,,In Service,Yarra Trams Refurbished,"Thu, 27th Oct 1988",,
B2.2007,Yarra Trams,Glenhuntly,PTV,In Service,Yarra Trams Refurbished,"Thu, 27th Oct 1988",,
B2.2008,Yarra Trams,Essendon,,In Service,Yarra Trams Refurbished,"Wed, 7th Dec 1988",,
B2.2009,Yarra Trams,Essendon,PTV,In Service,Yarra Trams Refurbished,"Fri, 15th Sep 1989",,
B2.2010,Yarra Trams,Glenhuntly,PTV,In Service,Yarra Trams Refurbished,"Tue, 21st Feb 1989",,
B2.2011,Yarra Trams,Essendon,PTV,In Service,Yarra Trams Refurbished,"Tue, 21st Feb 1989",,
B2.2012,Yarra Trams,Brunswick,,In Service,Yarra Trams Refurbished,"Wed, 1st Feb 1989",,
B2.2013,Yarra Trams,Camberwell,,In Service,Yarra Trams Refurbished,"Tue, 21st Feb 1989",,
B2.2014,Yarra Trams,Brunswick,PTV,In Service,Yarra Trams Refurbished,"Fri, 3rd Mar 1989",,
B2.2015,Yarra Trams,Glenhuntly,,In Service,Yarra Trams Refurbished - Apollo Seating,"Mon, 10th Apr 1989",,
B2.2016,Yarra Trams,Essendon,,In Service,Yarra Trams Refurbished,"Thu, 11th May 1989",,
B2.2017,Yarra Trams,Glenhuntly,,In Service,M>Tram Refurbished,"Mon, 19th Jun 1989",,
B2.2018,Yarra Trams,Glenhuntly,PTV,In Service,Yarra Trams Refurbished,"Tue, 23rd May 1989",,
B2.2019,Yarra Trams,Glenhuntly,PTV,In Service,Yarra Trams Refurbished,"Mon, 3rd Jul 1989",,
B2.2020,Yarra Trams,Essendon,PTV,In Service,Yarra Trams Refurbished,"Fri, 14th Jul 1989",Out of service for engineering purposes from June 2013 until June 2016,
B2.2021,Yarra Trams,Essendon,PTV,In Service,Yarra Trams Refurbished,"Tue, 25th Jul 1989",,
B2.2022,Yarra Trams,Glenhuntly,,In Service,Yarra Trams Refurbished,"Wed, 2nd Aug 1989",,
B2.2023,Yarra Trams,Glenhuntly,PTV,In Service,Yarra Trams Refurbished,"Wed, 2nd Aug 1989",,
B2.2024,Yarra Trams,Glenhuntly,PTV,In Service,Yarra Trams Refurbished,"Wed, 16th Aug 1989",,
B2.2025,Yarra Trams,Glenhuntly,PTV,In Service,M>Tram Refurbished,"Wed, 16th Aug 1989",,
B2.2026,Yarra Trams,Glenhuntly,PTV,In Service,Yarra Trams Refurbished,"Thu, 17th Aug 1989",,
B2.2027,Yarra Trams,Glenhuntly,PTV,In Service,Yarra Trams Refurbished,"Wed, 6th Sep 1989",,
B2.2028,Yarra Trams,Camberwell,PTV,In Service,Yarra Trams Refurbished,"Wed, 4th Oct 1989",,
B2.2029,Yarra Trams,Glenhuntly,PTV,In Service,Yarra Trams Refurbished,"Wed, 27th Sep 1989",,
B2.2030,Yarra Trams,Essendon,PTV,In Service,Yarra Trams Refurbished,"Wed, 21st Feb 1990",,
B2.2031,Yarra Trams,Camberwell,PTV,In Service,Yarra Trams Refurbished,"Fri, 23rd Feb 1990",,
B2.2032,Yarra Trams,Glenhuntly,PTV,In Service,Yarra Trams Refurbished,"Thu, 29th Mar 1990",,
B2.2033,Yarra Trams,Brunswick,PTV,In Service,Yarra Trams Refurbished,"Fri, 27th Apr 1990",,
B2.2034,Yarra Trams,Glenhuntly,PTV,In Service,Yarra Trams Refurbished,"Wed, 21st Feb 1990",,
B2.2035,Yarra Trams,Camberwell,PTV,In Service,Yarra Trams Refurbished,"Thu, 29th Mar 1990",,
B2.2036,Yarra Trams,Glenhuntly,PTV,In Service,Yarra Trams Refurbished,"Tue, 24th Apr 1990",,
B2.2037,Yarra Trams,Glenhuntly,,In Service,Yarra Trams Refurbished,"Thu, 27th Sep 1990",,
B2.2038,Yarra Trams,Glenhuntly,PTV,In Service,Yarra Trams Refurbished,"Mon, 23rd Apr 1990",,
B2.2039,Yarra Trams,Glenhuntly,PTV,In Service,Yarra Trams Refurbished,"Tue, 24th Apr 1990",,
B2.2040,Yarra Trams,Essendon,PTV,In Service,Yarra Trams Refurbished,"Wed, 9th May 1990",,
B2.2041,Yarra Trams,Glenhuntly,PTV,In Service,Yarra Trams Refurbished,"Wed, 27th Mar 1991",,
B2.2042,Yarra Trams,Brunswick,PTV,In Service,Yarra Trams Refurbished,"Fri, 5th Oct 1990",,
B2.2043,Yarra Trams,Essendon,PTV,In Service,Yarra Trams Refurbished,"Mon, 2nd Jul 1990",,
B2.2044,Yarra Trams,Glenhuntly,PTV,In Service,M>Tram Refurbished,"Thu, 4th Oct 1990",,
B2.2045,Yarra Trams,Glenhuntly,PTV,In Service,Yarra Trams Refurbished,"Thu, 11th Oct 1990",,
B2.2046,Yarra Trams,Glenhuntly,,In Service,Yarra Trams Refurbished,"Mon, 15th Oct 1990",,
B2.2047,Yarra Trams,Camberwell,PTV,In Service,Yarra Trams Refurbished,"Tue, 16th Oct 1990",Refurbished internally with an E class style colour scheme,
B2.2048,Yarra Trams,Glenhuntly,,In Service,Yarra Trams Refurbished,"Wed, 24th Oct 1990",,
B2.2049,Yarra Trams,Camberwell,,In Service,Yarra Trams Refurbished,"Sat, 24th Feb 1990",,
B2.2050,Yarra Trams,Camberwell,PTV,In Service,Yarra Trams Refurbished,"Fri, 26th Oct 1990",,
B2.2051,Yarra Trams,Camberwell,,In Service,M>Tram Refurbished,"Wed, 24th Oct 1990",,
B2.2052,Yarra Trams,Glenhuntly,PTV,In Service,Yarra Trams Refurbished,"Tue, 30th Oct 1990",,
B2.2053,Yarra Trams,Glenhuntly,PTV,In Service,Yarra Trams Refurbished,"Tue, 30th Oct 1990",,
B2.2054,Yarra Trams,Essendon,PTV,In Service,Yarra Trams Refurbished,"Tue, 30th Oct 1990",,
B2.2055,Yarra Trams,Glenhuntly,PTV,In Service,Yarra Trams Refurbished,"Tue, 30th Oct 1990",Stored from November 2016 until 4.2.2021,
B2.2056,Yarra Trams,Essendon,PTV,In Service,Yarra Trams Refurbished,"Wed, 31st Oct 1990",,
B2.2057,Yarra Trams,Brunswick,PTV,In Service,Yarra Trams Refurbished,"Wed, 31st Oct 1990",,
B2.2058,Yarra Trams,Camberwell,PTV,In Service,Yarra Trams Refurbished,"Thu, 1st Nov 1990",,
B2.2059,Yarra Trams,Camberwell,PTV,In Service,Yarra Trams Refurbished,"Fri, 2nd Nov 1990",,
B2.2060,Yarra Trams,Camberwell,PTV,In Service,Yarra Trams Refurbished,"Tue, 13th Nov 1990",,
B2.2061,Yarra Trams,Camberwell,PTV,In Service,Yarra Trams Refurbished,"Fri, 16th Nov 1990",,
B2.2062,Yarra Trams,Camberwell,,In Service,Yarra Trams Refurbished,"Fri, 30th Nov 1990",,
B2.2063,Yarra Trams,Glenhuntly,PTV,In Service,Yarra Trams Refurbished,"Mon, 10th Dec 1990",,
B2.2064,Yarra Trams,Essendon,,In Service,Yarra Trams Refurbished,"Mon, 17th Dec 1990",,
B2.2065,Yarra Trams,Essendon,PTV,In Service,Yarra Trams Refurbished - Apollo Seating,"Fri, 18th Jan 1991",,
B2.2066,Yarra Trams,Camberwell,,In Service,Yarra Trams Refurbished,"Thu, 20th Dec 1990",,
B2.2067,Yarra Trams,Camberwell,PTV,In Service,Yarra Trams Refurbished,"Fri, 18th Jan 1991",,
B2.2068,Yarra Trams,Camberwell,PTV,In Service,Yarra Trams Refurbished,"Fri, 18th Jan 1991",Fitted with prototype door closing warning system since March 2021,
B2.2069,Yarra Trams,Essendon,PTV,In Service,Yarra Trams Refurbished,"Wed, 20th Mar 1991",,
B2.2070,Yarra Trams,Brunswick,PTV,In Service,Yarra Trams Refurbished,"Fri, 7th May 1993",Delivery was delayed. Used to trial improved electronics layout,
B2.2071,Yarra Trams,Camberwell,"Advertising Peters Drumstick Dulce de leche ""Saucy"" since Tuesday, 31st December 2024.",In Service,Yarra Trams Refurbished,"Fri, 3rd May 1991",,
B2.2072,Yarra Trams,Brunswick,PTV,In Service,Yarra Trams Refurbished,"Mon, 13th May 1991",,
B2.2073,Yarra Trams,Camberwell,PTV,In Service,Yarra Trams Refurbished,"Mon, 24th Jun 1991",,
B2.2074,Yarra Trams,Brunswick,PTV,In Service,M>Tram Refurbished,"Thu, 4th Jul 1991",,
B2.2075,Yarra Trams,Camberwell,PTV,In Service,Yarra Trams Refurbished,"Mon, 1st Jul 1991",,
B2.2076,Yarra Trams,Camberwell,PTV,In Service,Yarra Trams Refurbished,"Fri, 26th Jul 1991",,
B2.2077,Yarra Trams,Camberwell,PTV,In Service,Yarra Trams Refurbished,"Tue, 15th Oct 1991",,
B2.2078,Yarra Trams,Camberwell,PTV,In Service,M>Tram Refurbished,"Tue, 22nd Oct 1991",,
B2.2079,Yarra Trams,Camberwell,PTV,In Service,Yarra Trams Refurbished,"Fri, 13th Dec 1991",,
B2.2080,Yarra Trams,Brunswick,PTV,In Service,Yarra Trams Refurbished,"Wed, 13th Nov 1991",,
B2.2081,Yarra Trams,Camberwell,PTV,In Service,Yarra Trams Refurbished,"Wed, 26th Feb 1992",,
B2.2082,Yarra Trams,Essendon,PTV,In Service,Yarra Trams Refurbished,"Mon, 9th Dec 1991",,
B2.2083,Yarra Trams,Essendon,PTV,In Service,Yarra Trams Refurbished,"Wed, 11th Dec 1991",,
B2.2084,Yarra Trams,Brunswick,PTV,In Service,Yarra Trams Refurbished,"Mon, 16th Mar 1992",,
B2.2085,Yarra Trams,Glenhuntly,PTV,In Service,Yarra Trams Refurbished,"Wed, 19th Feb 1992",,
B2.2086,Yarra Trams,Glenhuntly,PTV,In Service,Yarra Trams Refurbished,"Tue, 20th Oct 1992",,
B2.2087,Yarra Trams,Camberwell,PTV,In Service,Yarra Trams Refurbished,"Fri, 7th Feb 1992",,
B2.2088,Yarra Trams,Essendon,PTV,In Service,Yarra Trams Refurbished,"Fri, 3rd Apr 1992",,
B2.2089,Yarra Trams,Glenhuntly,PTV,In Service,Yarra Trams Refurbished,"Thu, 12th Mar 1992",,
B2.2090,Yarra Trams,Essendon,PTV,In Service,Yarra Trams Refurbished,"Mon, 16th Mar 1992",,
B2.2091,Yarra Trams,Glenhuntly,PTV,In Service,M>Tram Refurbished,"Mon, 6th Apr 1992",,
B2.2092,Yarra Trams,Glenhuntly,PTV,In Service,Yarra Trams Refurbished,"Wed, 20th May 1992",,
B2.2093,Yarra Trams,Camberwell,,In Service,Yarra Trams Refurbished,"Fri, 18th Sep 1992",,
B2.2094,Yarra Trams,Glenhuntly,,In Service,Yarra Trams Refurbished,"Fri, 18th Sep 1992",,
B2.2095,Yarra Trams,Glenhuntly,PTV,In Service,Yarra Trams Refurbished,"Wed, 30th Sep 1992",,
B2.2096,Yarra Trams,Brunswick,PTV,In Service,Yarra Trams Refurbished,"Wed, 26th Aug 1992",,
B2.2097,Yarra Trams,Camberwell,PTV,In Service,Yarra Trams Refurbished,"Mon, 19th Oct 1992",Fitted with prototype door closing warning system since March 2021,
B2.2098,Yarra Trams,Brunswick,PTV,In Service,Yarra Trams Refurbished,"Tue, 13th Oct 1992",,
B2.2099,Yarra Trams,Essendon,PTV,In Service,Yarra Trams Refurbished,"Wed, 21st Oct 1992",,
B2.2100,Yarra Trams,Camberwell,,In Service,Yarra Trams Refurbished,"Thu, 10th Sep 1992",Renumbered from 2102. Painted in Chocolate Brown.,
B2.2101,Yarra Trams,Camberwell,PTV,In Service,Yarra Trams Refurbished,"Tue, 27th Oct 1992",,
B2.2102,Yarra Trams,Essendon,PTV,In Service,Yarra Trams Refurbished,"Thu, 5th Nov 1992",Renumbered from 2100,
B2.2103,Yarra Trams,Camberwell,,In Service,Yarra Trams Refurbished - Apollo Seating,"Mon, 23rd Nov 1992",,
B2.2104,Yarra Trams,Brunswick,PTV,In Service,M>Tram Refurbished,"Tue, 15th Dec 1992",,
B2.2105,Yarra Trams,Brunswick,PTV,In Service,Yarra Trams Refurbished - Apollo Seating,"Wed, 16th Dec 1992",,
B2.2106,Yarra Trams,Essendon,PTV,In Service,Yarra Trams Refurbished - Apollo Seating,"Wed, 13th Jan 1993",,
B2.2107,Yarra Trams,Camberwell,PTV,In Service,Yarra Trams Refurbished,"Wed, 13th Jan 1993",,
B2.2108,Yarra Trams,Camberwell,PTV,In Service,Yarra Trams Refurbished,"Fri, 29th Jan 1993",,
B2.2109,Yarra Trams,Brunswick,PTV,In Service,Yarra Trams Refurbished,"Fri, 22nd Jan 1993",,
B2.2110,Yarra Trams,Essendon,PTV,In Service,Yarra Trams Refurbished,"Thu, 11th Feb 1993",,
B2.2111,Yarra Trams,Essendon,PTV,In Service,Yarra Trams Refurbished,"Tue, 6th Apr 1993",,
B2.2112,Yarra Trams,Camberwell,,In Service,Yarra Trams Refurbished,"Wed, 7th Apr 1993",,
B2.2113,Yarra Trams,Essendon,PTV,In Service,Yarra Trams Refurbished,"Wed, 12th May 1993",,
B2.2114,Yarra Trams,Glenhuntly,PTV,In Service,Yarra Trams Refurbished - Apollo Seating,"Wed, 12th May 1993",,
B2.2115,Yarra Trams,Glenhuntly,PTV,In Service,Yarra Trams Refurbished,"Fri, 4th Jun 1993",,
B2.2116,Yarra Trams,Brunswick,PTV,In Service,Yarra Trams Refurbished - Apollo Seating,"Wed, 30th Jun 1993",,
B2.2117,Yarra Trams,Essendon,PTV,In Service,Yarra Trams Refurbished,"Mon, 28th Jun 1993",,
B2.2118,Yarra Trams,Essendon,PTV,In Service,Yarra Trams Refurbished - Apollo Seating,"Wed, 1st Sep 1993",,
B2.2119,Yarra Trams,Essendon,,In Service,Yarra Trams Refurbished,"Wed, 1st Sep 1993",,
B2.2120,Yarra Trams,Camberwell,PTV,In Service,Yarra Trams Refurbished,"Tue, 28th Sep 1993",,
B2.2121,Yarra Trams,Glenhuntly,PTV,In Service,Yarra Trams Refurbished,"Tue, 28th Sep 1993",,
B2.2122,Yarra Trams,Brunswick,PTV,In Service,Yarra Trams Refurbished,"Mon, 15th Nov 1993",,
B2.2123,Yarra Trams,Essendon,PTV,In Service,Yarra Trams Refurbished,"Mon, 20th Dec 1993",,
B2.2124,Yarra Trams,Camberwell,PTV,In Service,Yarra Trams Refurbished,"Wed, 24th Nov 1993",,
B2.2125,Yarra Trams,Essendon,PTV,In Service,Yarra Trams Refurbished,"Wed, 1st Dec 1993",,
B2.2126,Yarra Trams,Camberwell,PTV,In Service,Yarra Trams Refurbished,"Thu, 16th Dec 1993",,
B2.2127,Yarra Trams,Camberwell,,In Service,Yarra Trams Refurbished,"Mon, 21st Feb 1994",,
B2.2128,Yarra Trams,Brunswick,,In Service,Yarra Trams Refurbished,"Thu, 31st Mar 1994",,
B2.2129,Yarra Trams,Camberwell,PTV,In Service,Yarra Trams Refurbished,"Fri, 27th May 1994",,
B2.2130,Yarra Trams,Essendon,PTV,In Service,Yarra Trams Refurbished - Apollo Seating,"Wed, 13th Jul 1994",Ref: https://www.tenders.vic.gov.au/tenders/contract/download.do?id=28208&docIndex=8,
B2.2131,Yarra Trams,Brunswick,PTV,In Service,Yarra Trams Refurbished,"Sun, 19th Jun 1994",,
B2.2132,Yarra Trams,Brunswick,PTV,In Service,Yarra Trams Refurbished,"Thu, 28th Jul 1994",Ref: https://www.tenders.vic.gov.au/tenders/contract/download.do?id=28208&docIndex=8,
C.3001,Yarra Trams,Kew,,In Service,Yarra Trams Refurbished,"Fri, 28th Sep 2001",,
C.3002,Yarra Trams,Kew,,In Service,Yarra Trams Refurbished,"Fri, 28th Sep 2001",First C1 to carry an all-over advertising livery.,
C.3003,Yarra Trams,Kew,PTV,In Service,Yarra Trams Refurbished,"Fri, 28th Sep 2001",,
C.3004,Yarra Trams,Kew,PTV,In Service,Yarra Trams Refurbished,"Fri, 28th Sep 2001",,
C.3005,Yarra Trams,Kew,PTV,In Service,Yarra Trams Refurbished,"Mon, 31st Dec 2001",,
C.3006,Yarra Trams,Kew,,In Service,Yarra Trams Refurbished,"Mon, 31st Dec 2001",,
C.3007,Yarra Trams,Kew,PTV,In Service,Yarra Trams Refurbished,"Mon, 31st Dec 2001",,
C.3008,Yarra Trams,Kew,PTV,In Service,Yarra Trams Refurbished,"Mon, 31st Dec 2001",,
C.3009,Yarra Trams,Kew,PTV,In Service,Yarra Trams Refurbished,"Mon, 31st Dec 2001",,
C.3010,Yarra Trams,Kew,PTV,In Service,Yarra Trams Refurbished,"Mon, 31st Dec 2001",,
C.3011,Yarra Trams,Kew,PTV,In Service,Yarra Trams Refurbished,"Mon, 31st Dec 2001","Involved in a major collision with a car, causing it to derail and hit a fence on 6/10/2019. Returned to service 15/07/2020.",
C.3012,Yarra Trams,Kew,,In Service,Yarra Trams Refurbished,"Mon, 31st Dec 2001",,
C.3013,Yarra Trams,Kew,PTV,In Service,Yarra Trams Refurbished,"Mon, 31st Dec 2001",,
C.3014,Yarra Trams,Kew,PTV,In Service,Yarra Trams Refurbished,"Mon, 31st Dec 2001",,
C.3015,Yarra Trams,Kew,PTV,In Service,Yarra Trams Refurbished,"Thu, 24th Jan 2002",,
C.3016,Yarra Trams,Kew,PTV,In Service,Yarra Trams Refurbished,"Thu, 24th Jan 2002",First C class in PTV livery,
C.3017,Yarra Trams,Kew,PTV,In Service,Yarra Trams Refurbished,"Thu, 28th Mar 2002",,
C.3018,Yarra Trams,Kew,PTV,In Service,Yarra Trams Refurbished,"Thu, 28th Mar 2002",,
C.3019,Yarra Trams,Kew,PTV,In Service,Yarra Trams Refurbished,"Thu, 28th Mar 2002",,
C.3020,Yarra Trams,Kew,PTV,In Service,Yarra Trams Refurbished,"Thu, 28th Mar 2002",,
C.3021,Yarra Trams,Kew,PTV,In Service,Yarra Trams Refurbished,"Thu, 28th Mar 2002",,
C.3022,Yarra Trams,Kew,PTV,In Service,Yarra Trams Refurbished,"Thu, 28th Mar 2002",,
C.3023,Yarra Trams,Kew,,In Service,Yarra Trams Refurbished,"Thu, 28th Mar 2002",,
C.3024,Yarra Trams,Kew,PTV,In Service,Yarra Trams Refurbished,"Thu, 28th Mar 2002",,
C.3025,Yarra Trams,Kew,,In Service,Yarra Trams Refurbished,"Fri, 28th Jun 2002",,
C.3026,Yarra Trams,Kew,PTV,In Service,Yarra Trams Refurbished,"Fri, 28th Jun 2002",,
C.3027,Yarra Trams,Kew,PTV,In Service,Yarra Trams Refurbished,"Fri, 28th Jun 2002",,
C.3028,Yarra Trams,Kew,PTV,In Service,Yarra Trams Refurbished,"Fri, 28th Jun 2002",,
C.3029,Yarra Trams,Kew,PTV,In Service,Yarra Trams Refurbished,"Fri, 30th Aug 2002",,
C.3030,Yarra Trams,Kew,PTV,In Service,Yarra Trams Refurbished,"Fri, 28th Jun 2002",,
C.3031,Yarra Trams,Kew,PTV,In Service,Yarra Trams Refurbished,"Fri, 28th Jun 2002",,
C.3032,Yarra Trams,Kew,PTV,In Service,Yarra Trams Refurbished,"Fri, 28th Jun 2002",,
C.3033,Yarra Trams,Kew,PTV,In Service,Yarra Trams Refurbished,"Fri, 30th Aug 2002",,
C.3034,Yarra Trams,Kew,PTV,In Service,Yarra Trams Refurbished,"Fri, 30th Aug 2002",,
C.3035,Yarra Trams,Kew,PTV,In Service,Yarra Trams Refurbished,"Fri, 30th Aug 2002",,
C.3036,Yarra Trams,Kew,,In Service,Yarra Trams Refurbished,"Fri, 30th Aug 2002",,
D1.3501,Yarra Trams,Malvern,,In Service,Original - M>Tram,"Thu, 19th Dec 2002","Originally named Sir Robert Risson, naming decal removed during PTV livery application",
D1.3502,Yarra Trams,Malvern,,In Service,Original - M>Tram,"Thu, 19th Dec 2002",,
D1.3503,Yarra Trams,Malvern,PTV,In Service,Original - M>Tram,"Thu, 19th Dec 2002",First D1 class tram in PTV livery,
D1.3504,Yarra Trams,Malvern,,In Service,Original - M>Tram,"Thu, 19th Dec 2002",,
D1.3505,Yarra Trams,Malvern,,In Service,Original - M>Tram,"Fri, 28th Feb 2003",,
D1.3506,Yarra Trams,Malvern,,In Service,Original - M>Tram,"Fri, 28th Feb 2003",,
D1.3507,Yarra Trams,Malvern,PTV,In Service,Original - M>Tram,"Fri, 28th Feb 2003",,
D1.3508,Yarra Trams,Malvern,,In Service,Original - M>Tram,"Fri, 28th Feb 2003",,
D1.3509,Yarra Trams,Malvern,PTV,In Service,Original - M>Tram,"Fri, 28th Feb 2003",,
D1.3510,Yarra Trams,Malvern,,In Service,Original - M>Tram,"Fri, 28th Feb 2003",,
D1.3511,Yarra Trams,Malvern,PTV,In Service,Original - M>Tram,"Fri, 28th Feb 2003",,
D1.3512,Yarra Trams,Malvern,PTV,In Service,Original - M>Tram,"Mon, 2nd Jun 2003",,
D1.3513,Yarra Trams,Malvern,,In Service,Original - M>Tram,"Mon, 2nd Jun 2003",,
D1.3514,Yarra Trams,Malvern,,In Service,Original - M>Tram,"Wed, 4th Jun 2003","Involved in Accident on Delivery run, side-on with car. In service with plain white panels on apron and side skirt, no. 1 end",
D1.3515,Yarra Trams,Malvern,PTV,In Service,Original - M>Tram,"Mon, 2nd Jun 2003",,
D1.3516,Yarra Trams,Malvern,PTV,In Service,Original - M>Tram,"Mon, 2nd Jun 2003",,
D1.3517,Yarra Trams,Malvern,,In Service,Original - M>Tram,"Mon, 2nd Jun 2003",,
D1.3518,Yarra Trams,Malvern,PTV,In Service,Original - M>Tram,"Mon, 1st Sep 2003",,
D1.3519,Yarra Trams,Malvern,PTV,In Service,Original - M>Tram,"Mon, 1st Sep 2003",,
D1.3520,Yarra Trams,Malvern,,In Service,Original - M>Tram,"Mon, 1st Sep 2003",,
D1.3521,Yarra Trams,Malvern,,In Service,Original - M>Tram,"Mon, 1st Sep 2003",,
D1.3522,Yarra Trams,Malvern,,In Service,Original - M>Tram,"Mon, 1st Sep 2003",,
D1.3523,Yarra Trams,Malvern,PTV,In Service,Original - M>Tram,"Mon, 1st Sep 2003",,
D1.3524,Yarra Trams,Malvern,PTV,In Service,Original - M>Tram,"Mon, 1st Sep 2003",,
D1.3525,Yarra Trams,Malvern,PTV,In Service,Original - M>Tram,"Mon, 1st Dec 2003",,
D1.3526,Yarra Trams,Malvern,,In Service,Original - M>Tram,"Mon, 1st Dec 2003",,
D1.3527,Yarra Trams,Malvern,,In Service,Original - M>Tram,"Mon, 1st Dec 2003",,
D1.3528,Yarra Trams,Malvern,PTV,In Service,Original - M>Tram,"Mon, 1st Dec 2003",,
D1.3529,Yarra Trams,Malvern,,In Service,Original - M>Tram,"Mon, 1st Dec 2003",,
D1.3530,Yarra Trams,Malvern,,In Service,Original - M>Tram,"Mon, 1st Dec 2003",,
D1.3531,Yarra Trams,Malvern,,In Service,Original - M>Tram,"Sun, 29th Feb 2004","To Be Tested with new resillient wheels and Bogie Design, starting 28.07.2003. First Combino to receive Yarra Trams livery. Still has M>Tram Interior.",
D1.3532,Yarra Trams,Malvern,,In Service,Original - M>Tram,"Mon, 1st Dec 2003",,
D1.3533,Yarra Trams,Malvern,,In Service,Original - M>Tram,"Mon, 1st Dec 2003",,
D1.3534,Yarra Trams,Malvern,,In Service,Original - M>Tram,"Sun, 29th Feb 2004",,
D1.3535,Yarra Trams,Malvern,PTV,In Service,Original - M>Tram,"Sun, 29th Feb 2004",Fitted with internal and external cameras to record criminal activity and illegally-passing cars. One section used in D1.3502,
D1.3536,Yarra Trams,Malvern,PTV,In Service,Original - M>Tram,"Sun, 29th Feb 2004",,
D1.3537,Yarra Trams,Malvern,,In Service,Original - M>Tram,"Sun, 29th Feb 2004",,
D1.3538,Yarra Trams,Malvern,,In Service,Original - M>Tram,"Sun, 29th Feb 2004",,
D2.5001,Yarra Trams,Brunswick,PTV,In Service,Original - M>Tram,"Thu, 4th Mar 2004","Only D2 to run in service with M>Tram Livery, First D2 in Yarra Trams and PTV liveries",
D2.5002,Yarra Trams,Brunswick,,In Service,Original - M>Tram,"Thu, 3rd Jun 2004",,
D2.5003,Yarra Trams,Brunswick,PTV,In Service,Original - M>Tram,"Wed, 2nd Jun 2004",,
D2.5004,Yarra Trams,Brunswick,PTV,In Service,Original - M>Tram,"Wed, 2nd Jun 2004",,
D2.5005,Yarra Trams,Brunswick,,In Service,Original - M>Tram,"Thu, 3rd Jun 2004",,
D2.5006,Yarra Trams,Brunswick,PTV,In Service,Original - M>Tram,"Wed, 2nd Jun 2004",,
D2.5007,Yarra Trams,Brunswick,PTV,In Service,Original - M>Tram,"Wed, 2nd Jun 2004",,
D2.5008,Yarra Trams,Brunswick,PTV,In Service,Original - M>Tram,"Thu, 2nd Sep 2004",,
D2.5009,Yarra Trams,Brunswick,PTV,In Service,Original - M>Tram,"Thu, 2nd Sep 2004",,
D2.5010,Yarra Trams,Brunswick,PTV,In Service,Original - M>Tram,"Wed, 2nd Jun 2004",,
D2.5011,Yarra Trams,Brunswick,,In Service,Original - M>Tram,"Thu, 2nd Sep 2004",,
D2.5012,Yarra Trams,Brunswick,,In Service,Original - M>Tram,"Thu, 2nd Sep 2004",,
D2.5013,Yarra Trams,Brunswick,,In Service,Original - M>Tram,"Thu, 2nd Sep 2004",,
D2.5014,Yarra Trams,Brunswick,PTV,In Service,Original - M>Tram,"Thu, 2nd Sep 2004",,
D2.5015,Yarra Trams,Brunswick,PTV,In Service,Original - M>Tram,"Thu, 2nd Sep 2004",,
D2.5016,Yarra Trams,Brunswick,PTV,In Service,Original - M>Tram,"Thu, 2nd Sep 2004",,
D2.5017,Yarra Trams,Brunswick,PTV,In Service,Original - M>Tram,"Tue, 30th Nov 2004",Damaged by collision with truck early June 2018,
D2.5018,Yarra Trams,Brunswick,PTV,In Service,Original - M>Tram,"Tue, 30th Nov 2004",,
D2.5019,Yarra Trams,Brunswick,PTV,In Service,Original - M>Tram,"Tue, 30th Nov 2004",,
D2.5020,Yarra Trams,Brunswick,,In Service,Original - M>Tram,"Tue, 30th Nov 2004",,
D2.5021,Yarra Trams,Brunswick,PTV,In Service,Original - M>Tram,"Tue, 30th Nov 2004",,
C2.5123,Bumblebee 1,Yarra Trams,Southbank,PTV,In Service,"Wed, 11th Jun 2008","Briefly numbered as 5101 during testing, renumbered to 5123 upon entering service.",
C2.5113,Bumblebee 2,Yarra Trams,Southbank,PTV,In Service,"Thu, 17th Jul 2008",,
C2.5103,Bumblebee 3,Yarra Trams,Southbank,PTV,In Service,"Wed, 13th Aug 2008",,
C2.5106,Bumblebee 4,Yarra Trams,Southbank,PTV,In Service,"Mon, 13th Oct 2008",,
C2.5111,Bumblebee 5,Yarra Trams,Southbank,PTV,In Service,,,
E.6001,Yarra Trams,Preston,PTV,In Service,"Fri, 28th Jun 2013","Mon, 4th Nov 2013",,
E.6002,Yarra Trams,Preston,PTV,In Service,"Sat, 27th Jul 2013","Mon, 4th Nov 2013",,
E.6003,Yarra Trams,Preston,PTV,In Service,"Sat, 28th Sep 2013",41609,,
E.6004,Yarra Trams,Preston,PTV,In Service,2013,41640,,
E.6005,Yarra Trams,Preston,PTV,In Service,2013,41640,,
E.6006,Yarra Trams,Preston,PTV,In Service,2013,"Mon, 22nd Dec 2014",,
E.6007,Yarra Trams,Preston,PTV,In Service,,"Mon, 14th Jul 2014",,
E.6008,Yarra Trams,Preston,PTV,In Service,,"Mon, 20th Oct 2014",,
E.6009,Yarra Trams,Preston,PTV,In Service,,"Mon, 4th Aug 2014",,
E.6010,Yarra Trams,Preston,PTV,In Service,2014,"Mon, 1st Sep 2014",,
E.6011,Yarra Trams,Preston,PTV,In Service,2014,"Mon, 6th Oct 2014",,
E.6012,Yarra Trams,Preston,PTV,In Service,2014,"Mon, 24th Nov 2014",,
E.6013,Yarra Trams,Preston,PTV,In Service,2014,"Mon, 1st Dec 2014",,
E.6014,Yarra Trams,Preston,PTV,In Service,2014,"Mon, 8th Dec 2014",,
E.6015,Yarra Trams,Preston,PTV,In Service,2014,"Mon, 15th Dec 2014",,
E.6016,Yarra Trams,Preston,PTV,In Service,2014,"Mon, 19th Jan 2015",,
E.6017,Yarra Trams,Preston,PTV,In Service,2014,"Mon, 9th Feb 2015",,
E.6018,Yarra Trams,Preston,PTV,In Service,2015,"Tue, 17th Mar 2015",,
E.6019,Yarra Trams,Preston,PTV,In Service,2015,"Tue, 14th Apr 2015",CatDog: Has an E2 class drivers can at one end,
E.6020,Yarra Trams,Preston,PTV,In Service,2015,"Mon, 27th Apr 2015",,
E.6021,Yarra Trams,Southbank,,In Service,2015,"Mon, 4th May 2015",,
E.6022,Yarra Trams,Preston,PTV,In Service,42064,"Mon, 20th Apr 2015",,
E.6023,Yarra Trams,Preston,PTV,In Service,2015,"Mon, 11th May 2015",CatDog: Has an E2 class drivers can at one end,
E.6024,Yarra Trams,Preston,PTV,In Service,2015,"Sun, 21st Jun 2015",Allocated to Preston Depot in May 2015 for crew training purposes ahead of forthcoming operation from that depot.,
E.6025,Yarra Trams,Preston,,In Service,2015,"Mon, 13th Jul 2015",,
E.6026,Yarra Trams,Preston,,In Service,2015,"Mon, 27th Jul 2015",,
E.6027,Yarra Trams,Preston,PTV,In Service,2015,"Mon, 17th Aug 2015",,
E.6028,Yarra Trams,Preston,PTV,In Service,2015,"Mon, 14th Sep 2015",,
E.6029,Yarra Trams,Preston,PTV,In Service,2015,"Fri, 9th Oct 2015",CatDog: Has an E2 class drivers can at one end,
E.6030,Yarra Trams,Preston,PTV,In Service,2015,"Wed, 9th Dec 2015",,
E.6031,Yarra Trams,Preston,PTV,In Service,2015,"Wed, 9th Dec 2015",,
E.6032,Yarra Trams,Preston,PTV,In Service,2015,"Tue, 22nd Dec 2015",,
E.6033,Yarra Trams,Preston,PTV,In Service,,"Mon, 1st Feb 2016",,
E.6034,Yarra Trams,Preston,PTV,In Service,,"Mon, 29th Feb 2016",,
E.6035,Yarra Trams,Preston,PTV,In Service,2016,"Mon, 28th Mar 2016",,
E.6036,Yarra Trams,Southbank,,In Service,2016,"Thu, 28th Apr 2016",,
E.6037,Yarra Trams,Preston,PTV,In Service,2016,"Mon, 30th May 2016",,
E.6038,Yarra Trams,Preston,PTV,In Service,2016,"Mon, 4th Jul 2016",Re-entered service 2017-09-21,
E.6039,Yarra Trams,Preston,PTV,In Service,2016,"Thu, 4th Aug 2016",,
E.6040,Yarra Trams,Preston,PTV,In Service,2016,"Fri, 19th Aug 2016",,
E.6041,Yarra Trams,Preston,PTV,In Service,2016,"Wed, 7th Sep 2016",,
E.6042,Yarra Trams,Preston,PTV,In Service,2016,"Mon, 26th Sep 2016",CatDog: Has an E2 class drivers can at one end,
E.6043,Yarra Trams,Preston,PTV,In Service,2016,"Mon, 31st Oct 2016",,
E.6044,Yarra Trams,Preston,PTV,In Service,2016,"Mon, 14th Nov 2016",,
E.6045,Yarra Trams,Preston,PTV,In Service,"Tue, 25th Oct 2016","Mon, 5th Dec 2016",,
E.6046,Yarra Trams,Preston,PTV,In Service,2016,"Tue, 3rd Jan 2017",,
E.6047,Yarra Trams,Preston,,In Service,,"Wed, 8th Feb 2017",,
E.6048,Yarra Trams,Preston,,In Service,,"Fri, 24th Feb 2017",,
E.6049,Yarra Trams,Preston,PTV,In Service,2017,"Fri, 7th Apr 2017",,
E.6050,Yarra Trams,Preston,PTV,In Service,2017,"Mon, 24th Apr 2017",,
W8.856,Yarra Trams,Southbank,MMTB Green and Cream,In Service,43709,,,
W8.888,Yarra Trams,Southbank,MMTB Green and Cream,In Service,"Sun, 4th Jul 2021",,,
W8.925,Yarra Trams,Southbank,MMTB Green and Cream,In Service,"Sun, 15th May 2022",,,
W8.928,Yarra Trams,Southbank,MMTB Green and Cream,In Service,"Mon, 13th May 2019",,,
W8.946,Yarra Trams,Southbank,MMTB Green and Cream,In Service,41334,,,
W8.957,Yarra Trams,Southbank,MMTB Green and Cream,In Service,"Thu, 10th Sep 2015",,,
W8.959,Yarra Trams,Southbank,MMTB Green and Cream,In Service,41487,,,
W8.961,Yarra Trams,Southbank,MMTB Green and Cream,Stored,"Fri, 8th Mar 2019",Entered service for a small number of days before being stored,,
W8.981,Yarra Trams,Southbank,MMTB Green and Cream,In Service,"Fri, 21st Jul 2017",,,
W8.983,Yarra Trams,Southbank,MMTB Green and Cream,In Service,"Sat, 14th Oct 2017",,,
W8.1000,Yarra Trams,Southbank,MMTB Green and Cream,Stored,"Tue, 1st Mar 2022",,,
W8.1010,Yarra Trams,Southbank,MMTB Green and Cream,In Service,"Tue, 12th Apr 2016",Rebuilt at Bendigo Tramways workshop from W7.1010,,
E2.6051,Yarra Trams,Southbank,PTV,In Service,"Tue, 13th Jun 2017",,,
E2.6052,Yarra Trams,Southbank,PTV,In Service,"Mon, 5th Jun 2017",,,
E2.6053,Yarra Trams,Southbank,PTV,In Service,"Fri, 14th Jul 2017",,,
E2.6054,Yarra Trams,Southbank,,In Service,"Wed, 2nd Aug 2017",,,
E2.6055,Yarra Trams,Southbank,,In Service,"Fri, 11th Aug 2017",,,
E2.6056,Yarra Trams,Preston,PTV,In Service,"Mon, 4th Sep 2017",Dogcat: has an E1 class drivers can at one end,,
E2.6057,Yarra Trams,Southbank,PTV,In Service,"Tue, 24th Oct 2017",,,
E2.6058,Yarra Trams,Preston,PTV,In Service,"Mon, 6th Nov 2017",,,
E2.6059,Yarra Trams,Southbank,,In Service,"Mon, 27th Nov 2017",,,
E2.6060,Yarra Trams,Preston,,In Service,"Mon, 1st Jan 2018",,,
E2.6061,Yarra Trams,Southbank,,In Service,"Tue, 30th Jan 2018",,,
E2.6062,Yarra Trams,Preston,PTV,In Service,"Fri, 16th Mar 2018",,,
E2.6063,Yarra Trams,Southbank,,In Service,"Tue, 24th Apr 2018",,,
E2.6064,Yarra Trams,Preston,,In Service,"Mon, 7th May 2018",,,
E2.6065,Yarra Trams,Southbank,,In Service,"Mon, 18th Jun 2018",,,
E2.6066,Yarra Trams,Preston,PTV,In Service,"Tue, 3rd Jul 2018",,,
E2.6067,Yarra Trams,Southbank,,In Service,"Tue, 7th Aug 2018",,,
E2.6068,Yarra Trams,Preston,PTV,In Service,"Fri, 24th Aug 2018",,,
E2.6069,Yarra Trams,Preston,PTV,In Service,"Sat, 15th Sep 2018",,,
E2.6070,Yarra Trams,Preston,PTV,In Service,"Wed, 10th Oct 2018",,,
E2.6071,Yarra Trams,Southbank,PTV,In Service,"Tue, 20th Nov 2018",,,
E2.6072,Yarra Trams,Preston,PTV,In Service,"Mon, 17th Dec 2018",,,
E2.6073,Yarra Trams,Southbank,PTV,In Service,"Mon, 21st Jan 2019",,,
E2.6074,Yarra Trams,Preston,PTV,In Service,"Fri, 1st Mar 2019",,,
E2.6075,Yarra Trams,Preston,PTV,In Service,"Sun, 14th Apr 2019",,,
E2.6076,Yarra Trams,Preston,PTV,In Service,"Wed, 1st May 2019",,,
E2.6077,Yarra Trams,Southbank,PTV,In Service,"Tue, 21st May 2019",,,
E2.6078,Yarra Trams,Preston,PTV,In Service,"Sat, 3rd Aug 2019",,,
E2.6079,Yarra Trams,Preston,PTV,In Service,"Thu, 18th Jul 2019",,,
E2.6080,Yarra Trams,Preston,PTV,In Service,"Wed, 9th Oct 2019",,,
E2.6081,Yarra Trams,Preston,PTV,In Service,"Fri, 8th Nov 2019",,,
E2.6082,Yarra Trams,Preston,PTV,In Service,"Mon, 16th Dec 2019",,,
E2.6083,Yarra Trams,Southbank,PTV,In Service,"Sat, 28th Dec 2019",,,
E2.6084,Yarra Trams,Preston,PTV,In Service,"Fri, 31st Jan 2020",,,
E2.6085,Yarra Trams,Southbank,,In Service,"Mon, 24th Feb 2020",,,
E2.6086,Yarra Trams,Preston,PTV,In Service,"Wed, 8th Jul 2020",,,
E2.6087,Yarra Trams,Southbank,,In Service,"Tue, 18th Aug 2020",,,
E2.6088,Yarra Trams,Preston,PTV,In Service,"Mon, 14th Sep 2020",,,
E2.6089,Yarra Trams,Southbank,,In Service,"Tue, 29th Sep 2020",,,
E2.6090,Yarra Trams,Preston,PTV,In Service,"Mon, 2nd Nov 2020",,,
E2.6091,Yarra Trams,Southbank,,In Service,"Tue, 22nd Dec 2020",,,
E2.6092,Yarra Trams,Preston,PTV,In Service,"Mon, 1st Feb 2021",,,
E2.6093,Yarra Trams,Southbank,,In Service,"Fri, 26th Feb 2021",,,
E2.6094,Yarra Trams,Preston,PTV,In Service,"Fri, 12th Mar 2021",,,
E2.6095,Yarra Trams,Southbank,,In Service,"Fri, 30th Apr 2021",,,
E2.6096,Yarra Trams,Southbank,,In Service,"Tue, 25th May 2021",,,
E2.6097,Yarra Trams,Southbank,,In Service,"Fri, 25th Jun 2021",,,
E2.6098,Yarra Trams,Southbank,,In Service,"Sat, 31st Jul 2021",,,
E2.6099,Yarra Trams,Southbank,PTV,In Service,"Mon, 23rd Aug 2021",,,
E2.6100,Yarra Trams,Southbank,PTV,In Service,"Fri, 1st Oct 2021",,,
